{
  "cubes": [
    {
      "rx": -0.004533039405941963,
      "ry": -0.43999990820884705,
      "w": 100,
      "x": 424,
      "rz": 0,
      "y": 608,
      "z": 0
    },
    {
      "rx": -0.06453294306993484,
      "ry": -0.959999680519104,
      "w": 100,
      "x": 703,
      "rz": 0,
      "y": 607,
      "z": 0
    }
  ],
  "numCubes": 2
}